TIC,latitude,longitude
283722336,57.16835459,348.3207282
261136679,-80.4691198,84.291188
332064670,28.33082136,133.1492139
459978312,64.60074015,255.5656162
297967252,-51.51716171,142.5212913
458856474,-59.7376206,161.1405803
188768068,52.79068581,261.3502329
178155732,-30.81451641,42.98436009
130181866,27.36318294,117.4794185
198384408,56.65916066,257.7851918
354006740,37.33905077,88.36929999
407966340,9.208481312,60.74794543
21832928,32.10548401,256.9826233
412961700,-20.9503954,127.2226213
224600500,58.46258548,254.9586613
317548889,-16.26500977,88.37865657
374908020,-65.958839,88.73909
233059608,64.1425771,269.8072281
82308728,25.71038664,168.6381722
279741379,-63.49910051,51.74676197
20182165,38.60522825,226.1813346
200723869,-50.83238338,47.5165933
364107753,-71.83981631,251.3619636
394137592,-66.3589067,4.446467787
176860064,45.71989671,354.8366797
259863352,-71.46250786,40.36366105
427320001,70.29728399,343.8538455
141663464,-43.38701853,228.6291491
207084429,-51.21543235,22.756594
128790976,-43.98201554,300.2125855
130415266,-47.02334726,104.7499202
269450900,-36.00025965,292.1952865
55092869,-9.399026265,161.7072504
396356111,58.48948146,2.60037904
85031598,62.24575429,65.34580009
441462736,-21.80142134,353.033635
22221375,-24.09938772,149.1243507
19451711,-7.571279548,124.6028267
290348383,-77.33799894,328.7137539
403224672,-59.86446552,338.9846462
138017750,33.07838363,50.80058856
27194429,17.76548402,200.4528409
263003176,-83.74389828,12.54126979
286923464,53.72852732,203.510581
167303382,-68.70986352,97.98639225
177258735,-73.29989262,102.223919
69679391,31.21922658,294.661397
270238522,64.30472169,351.6484601
16740101,39.93882365,307.8598058
264678534,84.3334897,325.1865933
97700520,-31.93355362,107.2860831
255930614,38.34730858,247.6234104
4897275,35.11165494,148.1605375
21535395,40.98360779,164.7760668
347332255,20.02778798,189.8395999
359271092,-60.281953,140.4066725
96246348,-34.22286178,103.5616705
143350972,-17.42924055,82.24636675
69747919,-18.01117202,336.5757901
100990000,-42.7625513,54.81984093
293617835,55.85994442,135.2975365
202426247,64.04720596,226.4579343
375506058,55.58791928,316.2036028
294090620,-22.19432631,130.3960361
414870287,59.43380009,336.8726981
160039081,53.51504193,241.5806972
117979850,-17.2483268,71.81031266
410214986,-69.1957526,354.914504
290131778,-26.61612645,319.6994758
129979528,37.55048271,36.71274281
447283466,-51.70526326,157.0981244
117789567,26.89201857,300.7739985
349827430,71.65587687,161.9097959
453211454,9.386053698,117.9249856
198187049,61.69463168,245.7279239
389070884,-38.64563887,262.3352734
391949880,-80.96457906,79.52228552
23434737,-34.4067443,168.2252071
9858404,-8.57352302,48.49951973
467666275,-60.56786265,169.1186712
167415965,-70.93261329,99.46071647
34068865,-45.77650711,146.1243194
237184773,37.3806364,283.4897823
199376584,33.7444513,306.7413249
80166433,-46.37002111,298.2876377
371443216,-66.11385905,147.5800024
138588540,65.54098494,176.3805765
234519192,-64.76160809,14.55169121
198457103,57.5104977,261.9211354
320004517,-54.53237258,293.2858101
385624852,-55.1979711,138.4023586
298073824,75.98272006,201.3369497
286132427,-4.298066162,146.7247272
409934330,-71.55249704,302.1476691
427508467,6.785064177,117.0952978
30828562,-43.45288213,134.7185158
70513361,-31.06987,32.53348041
468997317,-51.74466903,144.023866
367366318,33.31816756,78.29553648
219778329,64.38045209,263.8519514
100921768,-44.4720373,54.3087327
437984134,15.95213212,94.54530302
31374837,-26.72451897,83.26916921
295354126,-61.56864296,223.1520072
207141131,-56.19208722,44.26229823
326919774,46.39984536,22.97300855
54085154,-31.92716596,160.1801514
357416482,27.36176853,228.9500728
374095457,-48.996732,159.9331042
131979339,-37.85770137,118.913644
219751469,61.42342485,261.1999283
259701242,-53.81788746,74.46626891
325172035,-63.94907597,177.4949207
114018671,-32.841418,113.9840175
459942762,4.54113957,60.2782643
148228019,-36.65730296,101.1887639
257241363,30.3224034,112.0181354
271900960,-75.52743037,112.9419335
256886630,41.4495095,329.3850204
39903405,41.04808585,245.1514913
49899799,-2.175284882,48.85426472
219857012,71.87640001,257.3285328
37575651,-28.3245796,135.3404876
54464870,63.54504337,19.59544554
269701147,66.85057654,302.0239791
352413427,37.18548299,15.59819748
328350926,0.861330222,46.9317077
120896927,-27.63520603,36.86824222
183979262,-72.7489643,21.64918254
408618999,69.10140701,43.43502024
365673804,64.22893912,313.3387408
372913430,-60.78055245,119.5335512
312678993,54.52803084,13.59738218
288391628,83.42867546,266.9621835
8967242,34.3031907,167.2329623
27491137,39.79042916,217.3926784
115771549,33.88948623,339.8159627
312083267,36.72548756,303.2952193
310483807,-61.48829109,128.6143158
158075010,43.75634231,218.184663
293954617,53.37681548,300.6142639
287776397,-74.95481213,127.1283267
283474780,36.39293544,13.0174011
148782377,42.37827467,219.0373962
138819293,26.70657169,175.5462224
367607434,46.5759884,348.8750086
21755546,30.29733617,292.2867916
154840461,85.70508624,182.6923779
26433869,30.14951252,56.81432491
430677414,53.23961363,333.6697758
327663613,-69.54200318,189.8102693
387834907,70.08030723,315.6690663
107782586,-24.46213215,111.6678601
259511357,-50.21969291,70.77517926
366989877,-54.31743291,302.1141621
329864959,53.984528,333.244967
139853601,-21.8329309,112.2940078
39699648,46.67260091,136.778074
238086647,-49.50717944,104.9582957
201793781,-54.85978072,34.68358313
127315102,-43.3618994,217.2798218
232540264,71.84095086,227.8704755
120602501,40.00396614,337.6864502
309402106,-65.27814411,124.7488374
37749396,-9.964852623,4.773177811
350995812,36.52987179,291.9213834
16884216,33.90203256,232.863124
28230919,48.08086038,297.7093644
298372701,-49.36649971,239.8257038
164173105,35.03500005,335.825247
167009792,-66.40069704,95.10168311
141663460,-43.38499756,228.632009
33153766,-45.42620912,144.7737501
406672232,22.65461489,309.353389
461867584,-58.76047042,149.6885987
154618248,-33.5003909,345.7789014
83092282,-46.4842202,125.3050834
306263608,21.28086376,30.90427225
233009109,72.92576589,248.2528802
350618622,-54.91070911,87.40172456
339636032,-55.37970804,110.1945777
101011575,-13.25669193,129.6885851
352764091,63.47531793,308.7472955
293708935,-60.07988395,222.3349014
308034948,-60.20043283,180.3257604
368435330,25.64116495,162.7771403
66445643,48.16158474,341.3863133
160268701,77.35224567,182.5393661
373424049,-53.11968071,140.0567751
67418624,37.00512442,28.6604017
17416749,35.69125071,242.2010422
275501623,61.12023326,320.1160676
284450803,56.61544731,290.7089125
440887364,-24.45408199,225.0808271
260647166,-51.36283725,186.5745484
372264750,66.77526408,331.307473
298647682,53.21763375,272.2646059
275111900,39.07223244,323.2068889
29191596,45.88353955,151.7207939
154867950,84.679146,188.3604929
335630746,-15.27359256,199.3341208
198356533,56.84263594,256.138667
293853437,0.883363309,95.82788015
431148743,53.66250803,334.9813587
144441148,33.49243318,207.9061694
459903429,86.22838762,130.9680591
90544017,-49.94037731,128.4547418
360630575,-74.57399088,189.7766743
440100539,42.2823233,4.358047983
47384844,-5.788657482,162.9649781
260043723,-58.95365548,91.60855043
29191624,46.11497654,151.8070364
413248763,-21.66079952,144.0068219
160074939,-36.9455321,346.3190895
427761355,67.03482718,352.2676029
425997655,-62.76707766,55.45999645
335483600,63.55056173,332.6136408
460984940,-63.65502534,159.3411859
232025086,-46.93759446,96.0694191
383390264,-88.12103283,192.591751
33692729,-14.65001724,93.05819734
386435344,-16.88491903,127.9952517
71512186,-8.468099874,90.16992424
431514478,49.79053481,357.001182
461271719,-38.84592814,203.1666164
91576611,-29.39829332,284.1578704
97158538,-30.72645541,105.945537
365683032,51.91068145,312.1799089
7624182,-38.84416883,64.31142478
250484865,-2.928875488,94.2055542
384549882,-54.9039529,136.5277835
377191482,59.1640547,285.9370886
233721037,64.63673469,276.3941461
287080092,63.53427372,243.4887727
307610438,-38.87532097,229.0335136
131419878,-37.79905482,118.0372622
390651552,9.751397755,191.9859372
364186197,72.58052171,313.5108771
82128636,-46.42988247,124.1104489
100100827,-45.67788237,24.35430629
14336130,56.82443485,105.0829291
106402532,-40.88834232,159.4091615
98796344,-16.59333952,45.46413672
159510109,80.3074791,247.5351912
202563254,31.92565802,304.0342446
329888006,-50.06995156,212.8467529
408310006,-20.9824661,144.8753587
14091633,-36.46455952,77.26019444
4646810,-10.3517813,38.27201076
156987351,-47.61386025,99.58141807
65212867,-4.463373935,112.7523912
112395568,-33.35138117,290.9772137
320525204,56.07891625,264.961577
1400770435,56.07891625,264.961577
200807066,-51.78901166,53.17826265
110428269,25.18945654,291.463077
445805961,76.21078059,94.28275636
78154865,-4.123383762,147.86737
166836920,-50.00802177,39.8976814
460140752,-60.66526209,156.7384447
142276270,64.8553193,192.1848886
440801822,13.39521363,109.3829181
29781292,-68.10264277,65.2380522
133334108,-38.74156235,120.787363
277566483,54.50218424,311.1946057
50120414,62.43331131,39.89113252
190990336,-39.77842377,134.3730929
249067445,-0.370101496,79.43245467
216935214,-45.88352902,259.4957584
118084044,-58.57552457,128.181374
343442463,55.16294319,341.5186122
117979455,-17.25307384,71.803157
357501308,29.20617426,229.8381382
444415148,62.54312975,6.308946951
466113537,-59.97841506,165.0334904
142387023,61.74477872,197.7311872
119292328,-38.60674013,96.64668572
368320811,24.08495036,233.0150056
341815767,54.63617826,267.5200379
335499997,-12.37749047,179.1638533
309254930,-65.65716631,124.3001664
308994098,-64.09110689,123.3980227
317597583,75.55275492,352.0167664
255760319,-53.10752366,99.71458046
417931607,61.25904463,186.5243332
311121985,49.51375563,85.58110664
387079085,-64.63419473,217.0233744
89389197,30.40989991,301.177679
252479260,50.12835096,155.6816352
381976956,-57.5866695,77.54681463
142090065,79.73767064,79.07365908
72090501,-11.1472652,92.10563176
320417762,10.24930851,118.0042507
229455001,60.88138251,294.2910844
317060587,-75.64655219,337.5113737
363260203,-63.306525,147.3853609
349829627,-61.2399105,113.6955656
129637892,-37.85015398,321.1149405
154872375,85.12947331,193.3955142
184952758,-36.34671268,128.1438685
395171208,48.40681262,325.0145999
180695581,38.92248501,201.2833161
63898957,-24.42394521,15.21762883
242120884,-43.32732199,209.9827569
130924120,-35.55491379,187.9945891
300810086,-69.03070019,116.8141222
179034327,-26.76590579,64.18412276
233684293,63.1107696,260.7630815
439610306,-55.1757794,143.4670418
406976746,-83.05617264,230.5586673
158025009,41.95342212,216.9240238
118301361,29.57049657,34.19582277
387664866,50.48150008,323.5486252
102283403,10.55175167,89.15462674
125735470,27.47161193,56.66028724
300038935,-68.83349114,107.8436955
71431780,68.47663145,116.7971387
176831592,-32.80244288,48.95692882
249862365,52.70428905,38.12272439
183985250,-37.6279232,358.6675306
116483514,47.05683584,232.9450688
150030205,-60.66631985,90.98360774
311183180,5.874578522,55.03150087
260304296,-57.01352876,94.61560979
74482749,-43.92498021,137.5184283
73723286,-40.51616329,155.6369038
229384040,8.413917126,98.59779927
69997672,31.95815979,294.8241047
53709089,61.09210831,17.73673708
192372961,43.18385293,45.59830853
344926234,3.946570914,151.5574605
169904935,-11.10150806,120.7049294
314338017,58.77282964,319.1449944
238597883,-48.80285124,122.1782239
288132261,79.58318954,209.4850503
151681127,-40.20695806,166.889032
136971594,43.59286004,317.9666862
188989177,-15.10045575,78.7784062
237222864,74.06273705,296.2443284
183532609,-35.03136763,359.9002966
137284119,46.2680739,318.2350927
167754523,-60.68698827,104.1816466
14091704,-36.59096644,77.32346007
325680697,-12.03894344,36.85337308
356235833,20.28260932,260.0966112
42755801,-4.780081928,96.79395621
175482273,-38.16077907,351.2291597
116608612,35.1857962,85.66322321
353782445,55.75563546,276.9379756
266980320,-56.90389885,349.5567912
354469661,52.05389438,28.2823863
172518755,26.54016539,142.7434445
318828309,-60.07601466,173.3142175
186812530,12.60136452,124.3204058
316916655,-13.70369976,74.4728292
26880783,53.46455811,293.4435926
281781375,-59.34300514,12.97525988
267263253,-76.30406202,7.328969645
41173048,-69.36041719,91.22454889
429304876,-22.07255058,167.8858548
457138169,50.90883807,141.3681444
267489265,54.7815345,298.7813369
234994474,-60.06517904,350.0313524
156115721,-27.27349179,124.3593798
364393429,-64.05674631,116.5962444
129539786,39.64523874,343.9539247
180652891,35.95398859,199.6073082
155114483,44.56488734,345.7483838
184679932,40.40200504,32.29399702
34077285,-13.98743702,94.16446909
350132371,68.99818864,329.0908843
404505029,9.030676082,201.9627597
261258875,-79.74347508,89.73081901
94986319,-14.27695759,81.85344091
331034236,58.55168181,326.0917938
280206394,-50.46327597,144.1195272
229938290,64.15334199,287.6809809
278683844,-58.01526792,99.23800267
418987806,63.31941317,6.519550092
198213332,61.71830699,248.4335909
277103955,-66.79142601,84.25453812
207468071,54.68976217,245.908209
124709665,-10.58044517,104.7269721
106997505,-25.20702356,110.5599491
237108272,78.58699234,257.13923
382437043,-63.72024296,117.2150694
459970307,64.69910934,254.9241051
167098530,40.01668481,318.6268147
224225541,-37.25587111,353.0618241
274170255,46.84513927,316.4462201
16102323,37.50858038,307.3366006
143526444,-19.25463447,125.6450635
399870368,9.998000941,74.55234477
272635712,67.46495283,231.1618607
85293053,34.39103192,156.8379097
193413306,-56.02586563,222.1011706
156724719,39.9669663,72.03181425
77253676,-36.6814336,69.7040696
102840239,-43.83495534,155.8718844
322063810,-51.58464354,14.31779137
62483237,-34.90958285,336.4022757
260708537,-58.52845816,98.45821571
334305570,-49.00763927,183.1187891
123846039,-6.507507557,103.3692784
131743355,-39.99301694,118.4764425
148479278,-37.96023412,102.6580425
31553893,-31.79074316,288.9117556
412014494,-60.94100586,291.3736453
339672028,-57.38488873,110.512481
388076005,68.05234528,318.0491788
367102581,78.67481944,314.2686992
287474726,-28.35926605,127.1280965
134200185,-47.58718591,106.5582312
323132914,-78.407458,127.9943948
307210830,-68.31299987,124.5317563
426077080,-76.49345055,238.0011097
272828463,60.48703642,356.5887565
88863718,-5.513784717,122.5804866
79292541,-20.05251902,104.0558199
334125713,-52.67214228,182.772211
67666096,40.38804972,148.6432795
8400842,57.81719224,65.46960174
153077621,-42.64235631,49.66023409
431156009,51.96521659,340.3954515
468880077,9.990376907,56.50424898
281575427,-56.96510093,7.975216066
441642457,58.93301276,209.8830144
164767175,-18.40090771,26.20964833
53617134,65.2496593,17.67984158
73228647,-44.3120188,190.036586
7413227,-27.99306094,212.6477947
256783784,36.32159259,329.4015648
280830734,-70.76095147,44.55515064
441739020,72.16115837,259.0173378
280095254,-73.3965754,46.19618478
73104318,58.4655167,61.72147691
271168962,-30.58356602,210.1935199
123482865,-42.15465018,115.1027427
375542276,19.63930549,294.0917659
299799658,-78.02381512,38.11873002
350584963,-56.00413129,87.1158476
287225295,51.60757704,144.0004616
302659412,-67.95553182,134.9666132
233951353,58.14118682,305.4131065
285674856,51.88456574,53.19629042
300293197,-68.5784062,110.279639
147660886,-43.37673199,164.0318036
262530407,-46.71437969,20.43912639
146434840,-22.38224367,75.36074686
144065872,-48.00306924,337.4572324
65412605,-24.95356165,108.1231252
417676622,49.04025783,291.0323584
369864738,-87.26969945,163.6293884
86280613,61.69908204,141.7212011
51912829,-67.49626028,14.29838438
242536549,-41.98330169,215.1456093
357457104,45.77574083,315.540896
150271680,-63.86451757,94.75439348
149833117,67.67729428,104.6285326
37084932,-3.54482967,98.1237721
438295981,13.29944216,96.6660549
268334473,86.85964563,272.4061335
304100538,-75.84875751,27.6997876
85242435,61.15417828,114.3452895
377064495,6.216367869,148.1856212
178819686,-39.75769615,194.4685287
407394748,77.88002754,5.420288407
180987952,-41.44282642,130.2615216
310009611,-50.30737236,152.1182032
428679607,83.58757555,45.95293802
319259194,-78.56162582,71.65042634
378291076,61.36032194,358.2135252
48476907,-34.68195017,150.1529206
233390838,59.49086382,301.5592895
304042899,-59.23405461,164.8001839
105840719,17.02401787,243.9410511
452808876,1.893917715,72.66066118
403256331,58.67926522,4.249330146
101721385,38.24219713,260.1161596
38603673,-61.39210265,64.41495086
233964642,-63.64754722,36.49875014
81419525,-46.1091825,123.108311
42123111,38.24522889,302.220067
313506357,45.93368961,347.7572623
27677846,46.36586092,66.37050774
288631580,82.30574332,277.9249776
464296022,-57.59034511,155.8316879
90448944,-52.71426554,128.302386
277683130,-61.67326953,328.9262338
89510024,30.67069631,301.3177251
121338379,-3.860222723,129.0908878
376353509,69.22990013,45.40098119
383531859,-60.38359169,216.1477295
48188920,48.09894548,282.4207835
379931600,29.59629733,293.4273331
189013224,-15.51013164,79.10216878
30037565,-70.3793108,73.54136046
455962313,65.439728,340.036593
332154944,57.5143415,19.27813051
50365310,-12.69595954,112.3577341
147576037,68.45865747,144.341553
159781361,48.9554061,234.4316841
176778112,-35.62806158,47.82798488
379929661,3.710561941,130.5056508
241196395,29.08556932,153.5498559
422923265,42.87127624,40.24557529
341186896,-58.22211321,118.8642262
407126408,-80.80378553,234.5734039
249812036,49.42657825,339.7855066
349088467,-14.06222443,185.33198
276360911,55.7409626,329.0533551
287156968,-83.82473121,118.1287805
1129033,-7.060660747,37.15511493
101037590,33.07985947,54.48109736
169226822,-3.835072173,160.5586816
54044474,-32.51194323,159.887881
198588220,44.77696323,256.6106707
166739520,-50.28453119,36.77540719
92352620,-34.13555769,313.7831021
64071894,-22.24511386,39.13578427
219401954,-53.74357672,78.16506082
50618703,-0.342561857,82.28992398
248092710,-44.09935676,193.2606883
13419950,41.46235738,305.2893133
425206121,7.615781777,111.5095417
92359850,-19.97976855,52.22559188
281408474,1.767554312,99.26306694
187029841,38.4788914,34.55592213
232971294,71.72110579,199.4428258
219164808,-52.08436016,90.7741325
101230735,-48.93441284,299.2909799
421894914,-76.91751817,339.2585181
238061845,-50.15793052,104.1213139
350743714,-57.29057396,88.88620324
290348382,-77.3367543,328.7059705
230386259,63.94890425,285.7285595
170634116,-30.60044749,66.37090346
382626661,-65.44155025,118.5696252
316402246,54.51974507,321.9733887
446549905,-58.69721266,286.791797
422838133,72.93683841,23.82956047
76989773,-35.46370622,353.294565
93125144,-19.55809732,84.84646436
317507345,77.6271016,351.1744651
214361331,-50.3859528,261.0629117
150098860,-61.99691543,91.79986213
269238073,62.16114393,350.2324762
313761775,56.94381476,318.3478198
54390047,-14.21881542,118.3195627
202375913,51.46830111,5.965463947
238374636,-51.34572354,120.8378494
394029948,78.56885796,282.2290403
286916251,49.06113621,203.3977028
11111899,36.65180277,303.8248002
117256577,26.97167175,300.419315
316468545,65.43752707,323.9080797
146467675,-20.73126578,76.08191052
339538183,63.68500525,93.31895205
149603524,-63.98844079,87.13997409
161450762,32.47101929,309.2758521
15692883,25.6816955,17.47485549
285543785,60.891685,13.222022
360286627,-61.33005377,141.9753186
409183335,38.59752607,81.80783445
425721385,-43.07398383,289.7616986
304021498,-67.0260188,140.8841536
339961200,-58.539883,112.5556502
253990973,-41.24217401,284.6887645
306996324,-37.55273227,178.5766333
92013169,14.78562549,89.16521634
262746281,5.766244003,141.1079428
9033144,-19.82391579,349.6061821
319068154,55.5241238,350.1088666
233182695,68.94061755,219.0434894
267414551,-59.91199972,176.0703399
284050395,65.02617829,8.988700945
201154493,41.06437169,56.14331971
241225337,53.13617141,93.55853277
266593143,30.48873488,324.5363798
437242640,-23.86066241,165.3995745
346338552,38.67509872,344.4451846
138361973,37.53893075,293.7649964
219344917,-50.62689126,74.73816501
146589986,-42.54166647,159.2215943
354594208,32.43777094,1.887827481
186000935,44.49620313,303.0732143
186599508,39.06857162,45.08795382
458478250,66.35876227,232.1466359
153949511,66.79658998,172.7483541
128501004,37.84079398,339.0337782
142381532,63.75379097,196.2203561
341729521,-59.57978688,121.3199015
395142888,59.56082161,335.3008552
354400186,48.35234601,27.737993
25375553,-22.61258127,328.7676784
44792534,-25.2086753,61.94108623
234345288,-71.62416157,38.88659659
230075227,68.89451394,244.3769943
380783252,-60.92183441,269.7144654
327011842,45.01032386,23.4667796
140068425,-49.06001097,330.3015634
237185205,37.72002396,283.5266903
349373192,-60.15552887,110.261058
392476080,16.57995517,253.186335
366074069,69.04957072,356.7706571
47911178,-23.4861936,98.35111367
50309953,-77.61023261,30.19732217
237808867,5.748036131,104.4799028
142918609,-19.51603139,119.3499657
58542531,27.82254642,65.97972838
405794804,65.03915669,324.7143091
146208651,-48.81259307,133.4576892
44797824,-26.02197664,62.45451203
287196418,59.40385109,292.7341238
233617847,64.5313395,283.794511
149302744,-62.10912294,83.38231672
64836837,55.03104903,338.7965768
159418353,83.25819467,240.1773557
50312495,-73.12716655,31.17769689
308919449,-65.85234501,122.6182203
299023386,-53.56164964,143.4664509
400595342,-49.00059556,134.4417833
375059587,-63.33924587,100.1041403
22843856,25.58853387,39.00649912
293687315,59.4442469,216.5239895
9828416,33.20508566,261.0964351
190430205,46.220223,324.9225303
127425841,40.16561845,6.030682532
49687222,-11.72537486,351.7055039
134404603,-39.16491887,122.3402676
103448870,73.0238567,66.8346835
353367071,33.50699714,89.93486334
74534430,-45.09751565,137.6713439
199688472,57.97400474,253.1403043
55525572,-60.90544883,72.69404327
165987272,30.64007771,195.9818618
123898871,-19.04086673,90.91603057
462162948,-59.85004255,150.4337122
31852980,-70.39958377,52.54054618
119584412,23.02685511,175.5765586
393911494,44.91202689,207.1786264
156199502,83.43765328,181.0738794
235037761,-64.56178342,353.82678
231670397,-58.14888695,319.9496108
102672709,66.11962216,61.73104316
354600221,57.88176878,6.074650354
458857720,-59.92519026,161.0468668
285542903,60.61811639,13.27002458
356590734,-78.80163654,172.157304
61098812,-0.128064925,205.4542925
185405474,45.49919605,301.7176342
449050248,5.298469822,67.55231063
112026224,24.20143979,292.2233271
278348461,18.10483332,303.1953613
194203348,41.59400592,1.196959298
160708862,-42.70494142,227.2703877
138168780,73.82766444,94.79321242
15247229,38.93226035,306.7308196
142378043,-31.64567636,181.6324635
177244357,47.65568628,356.9957578
250386181,-4.985566067,30.11436667
233684822,64.86223562,260.9032015
372757221,81.32221276,162.8932354
201248411,-54.83051491,0.187122325
356978132,56.87827405,273.7816305
9837861,54.2920691,70.5485585
49079670,-23.81928937,101.0718482
136848581,43.5519525,317.747943
356747847,-78.16301952,175.3360195
150151262,-65.82597211,92.93613709
144956678,-35.55948936,122.0686445
137906197,55.54007552,152.1029472
220396259,-56.13870051,68.89155599
17005768,26.92574889,20.61056976
377290815,56.62949144,286.5930918
103633434,69.2765456,152.2158624
451645081,-54.78423658,172.1565267
141363913,-43.04201293,129.4624131
289539327,65.71490081,251.6337065
9006668,-18.60664543,349.2313233
376838000,69.0919169,340.9095043
12421862,-27.12213329,2.268159921
408636441,62.75386139,326.8532929
461662295,51.01058012,124.4469306
365733349,65.60907873,313.1665785
460205581,-64.50525936,157.0374608
207081058,-41.81546905,331.8672303
339857675,-54.45217524,111.6010883
229742722,69.52292495,279.8316153
237232044,76.13908381,297.4002608
455135327,5.836764462,123.9499189
83210867,34.82961842,297.4593296
295599256,-68.19771921,274.2215443
305424003,-62.84022007,262.1834202
233087860,60.67819001,272.2039491
118021229,-20.94061336,128.4753276
312469860,55.71102921,12.88130299
258777137,71.71230205,286.7473992
162130054,31.01877402,331.1176818
323295479,-83.06100025,130.7986487
77527511,-5.375494201,142.2629552
55452495,-64.8851982,70.67039343
167031605,11.83263143,93.92102362
238898571,-49.75625329,93.72952949
371673488,59.85096046,343.2331796
353038705,31.36467779,333.1319386
131081852,-31.99215025,189.7622663
233541860,62.68539965,281.1981946
281731203,0.493357138,163.0324138
158978373,-40.73982816,218.6582076
320079492,-65.17641571,174.846394
288348498,41.50618363,19.70045204
469212332,-58.3760738,148.3905489
230982885,-55.77209076,24.60440283
387260717,70.95417544,309.3486846
219338557,-58.95463683,354.3957325
145879095,-51.32823377,132.8739702
153976959,67.62165374,203.5369351
136274063,-53.8195796,230.4988465
274942910,41.79699996,322.9255754
8767448,33.88241661,140.1029766
279212407,65.89582156,25.6901823
67926921,44.83234269,127.9457109
326114850,52.70193652,331.5696245
232982558,67.87772921,241.7639438
308050066,-17.22439161,155.4360214
81831095,61.76239114,47.80666499
224297258,56.20114847,185.0638834
42054565,-36.41365899,24.16868686
427352241,-4.41491309,83.62304392
176899385,42.46597319,354.7742089
287329267,-59.3020746,109.7835825
328167090,55.6862953,331.6634802
378613125,-63.65463945,155.5907521
463402815,-58.76641979,153.8111427
179319057,-40.52387727,211.5934802
341544930,65.30626409,201.6148769
79748331,-47.56159609,296.003957
358631536,48.46428758,317.5754356
382331352,-63.04596392,215.8052941
394561119,-82.21888181,155.6075749
206466531,-52.98515238,56.81519952
122485078,36.27508847,76.85126646
309787037,-60.90747117,126.419482
238059180,-53.54549282,104.138381
330468175,47.78599047,315.1661844
149601557,-60.49853276,87.28250849
299945285,-71.44675185,106.6648586
374400599,64.35639479,34.69793518
233735068,61.04946493,277.476887
361034196,-68.58884317,242.0162448
417705690,76.93427624,348.6074566
365781372,7.918557394,81.92359009
93963408,-9.084258683,115.0463649
126733133,-51.86711017,136.9551735
424865156,47.96950451,292.2473076
377293776,59.08593272,286.8534767
451606970,-84.44823914,285.0487005
147977348,-36.64615118,99.73461429
309792357,-59.89568431,80.10548119
300871545,-70.5336039,117.6575903
468828873,66.85785449,91.87226195
35582553,-13.52728802,102.2226974
175176327,-36.49675974,115.8253504
384045439,53.29372447,327.2746834
268403451,85.23321545,277.4788709
377144784,68.25105686,342.4431258
367630162,83.08840874,151.6153959
22529346,-39.09738071,107.6002525
349095149,-65.50902689,107.9210205
431585347,50.35498625,357.6740882
161477033,-45.54069524,73.26097476
259353953,-15.49943347,113.9608835
30122649,-44.28852333,133.7482777
177077336,-70.64230371,103.2440666
252616865,52.56264795,345.9946574
389525208,-38.59487625,313.2614814
319312479,-13.76689251,61.77946065
384513078,-79.13514658,253.1097934
135083444,19.84000518,184.3670603
193641523,-57.58821048,222.165885
219253008,-53.85110877,65.91568429
317951248,5.562880209,110.8114337
229510866,64.35434978,297.215873
339733013,-58.69676587,110.8520692
108835813,-26.08067251,112.6167181
141482386,-72.42266029,86.82069787
240450679,46.93178871,323.527352
195199644,37.7893577,313.5364662
19519368,-6.785848637,124.6958825
431899140,45.50719075,56.22254722
167342439,-67.53722555,98.72975778
367858035,75.68512336,354.7430201
449050247,5.298861681,67.55115349
365690646,6.912348108,81.54326368
1100766816,19.59727307,238.5013233
88684250,-5.770071247,121.9135705
174143743,-36.38712975,113.8832933
139375960,41.01343581,38.36144512
348135793,56.42151394,34.37694424
128463355,-29.71402972,118.0595703
87090944,58.96859643,58.48597025
207277638,10.23866935,110.5065626
405904232,52.16412933,301.5625793
375225453,-73.17338975,133.8270091
158002130,82.19404358,214.5530983
361413119,-61.58325473,144.1503593
345143460,57.48539004,355.2465623
7561203,-11.15129862,114.3461802
370133522,-56.45698797,306.9253392
119700084,37.62773879,333.2529679
294981566,-67.36878336,72.33256182
116242971,36.57022326,267.6404913
468472950,40.88785091,321.2832384
173640199,-39.33955667,112.5706724
312122956,30.4460596,88.47596117
31268146,-70.92013136,88.07146961
333473672,39.63941313,354.2412066
148914726,67.23998302,187.0559697
68152139,40.01676158,44.40199474
148679712,46.48058869,172.1711506
78672342,-18.95444204,103.0028084
81429971,-42.93500643,123.1782092
359496368,55.39196508,279.0996348
123702439,-43.55384306,115.6388475
82707763,-51.86606647,169.9589529
198390247,57.19777796,258.2238348
260004324,-55.31301055,91.08482841
254113311,-41.43752286,286.3759317
264979636,8.866962761,115.7168289
240613164,45.81256774,326.3052424
362249359,-62.47622888,145.646937
142394656,62.30544585,198.3892036
279177746,46.50207134,313.8851595
369327947,-82.55449139,290.2265708
167092385,38.094239,318.724637
258514800,70.94379445,305.4743133
387259626,66.44029436,308.6699249
373785851,63.08144078,27.77852492
258829450,66.76816178,287.6664989
457939414,-59.74851518,158.6707688
16920150,26.74617467,19.36150488
382980571,-63.08661199,183.7049862
169177766,41.32683992,297.3000296
190271688,-54.76113885,221.3436217
422655579,0.758855238,29.26335024
277507814,59.57660324,310.9535824
51234631,58.26808658,110.3881675
259592689,-53.83058871,72.97694437
441732151,72.13550641,257.8767224
403308915,55.54284764,5.198919935
146261607,-34.81934258,123.5819298
124573851,-5.181683878,158.9006588
230088370,71.50585075,247.3569003
25334160,-10.87067047,98.26779707
327579226,57.20065318,4.736127117
382474101,-52.046527,12.274293
320536216,10.34387813,120.105459
64553698,57.56351145,338.4525667
38571020,-64.34757135,63.19914437
267527924,-48.06350977,114.0507398
161156159,-48.74090445,190.1324581
429295277,-51.07504134,184.2590928
73448352,30.36049994,38.3081438
377420580,60.17363467,341.9647583
450327768,35.9136652,160.229484
52548453,-30.4920082,100.9257078
266688542,46.38474181,321.0238843
101395259,-23.33215027,148.720387
272049972,62.9215158,355.4166462
199444169,42.56026935,334.8832427
437329044,-23.38335035,207.5849632
284738182,-37.83551404,110.8819102
63303499,-24.88399757,104.9227374
241076290,52.58550296,29.03283093
377739433,65.95794631,348.5738265
346929661,59.33477745,0.97758264
186547153,-34.43186607,132.8388741
52368076,-66.67582007,23.59472809
196286587,-25.06943885,125.5571428
113553629,-30.99607069,113.4240649
430528566,52.9009626,333.1712299
30329585,31.32376929,289.2387368
237928815,-59.88258311,57.99957647
409794137,-13.55984099,126.4337795
29119552,45.80801537,118.6298095
467281353,-60.9326389,168.0766664
245947683,14.81565712,70.37504994
20318757,-29.65319093,167.1337084
66783360,49.91806991,341.9707819
232976128,66.30873251,200.5617346
67309890,48.55008471,343.1563751
92783821,35.52466442,303.0173812
296739893,-12.16548662,142.1732879
71854745,54.568457,26.29941839
381714186,5.852309995,196.8331666
357972447,50.50093247,316.9559171
277447970,52.81473533,320.829507
347538174,21.49512942,247.4816025
432549364,39.38382837,0.362153885
158324245,46.86831422,286.9714153
219379012,-48.11593103,76.83381252
92992033,-18.64963127,83.95548233
156991337,-42.04527668,99.95387721
428065977,52.11575889,339.120292
317397615,75.01794428,349.7964196
285677945,50.49903069,53.09897299
370745311,-67.50520118,144.5819331
275384718,-46.89693248,178.5473499
445903569,-51.75655647,147.1746695
469782185,-37.30401555,292.391616
167418898,-67.65617318,99.60951524
153027658,-44.96175617,48.72628378
48476908,-34.68155492,150.1541351
425220920,7.016357095,111.6439476
278895705,-55.6390549,100.9703685
453464017,-72.7982253,152.280603
211438925,-23.93571063,5.160568667
154927364,84.07158033,207.8748287
183537452,-39.90673888,357.8795167
322202434,68.80707659,325.3244335
141227133,-47.38350402,129.3153851
458914949,61.90788292,48.42329364
154089169,68.61801469,209.2181326
447061717,-52.46942926,156.7478893
190743990,45.64689651,325.7871587
229951289,60.67103145,288.6754488
324395151,-64.88297555,176.866409
434718964,64.06733664,345.4880663
278866211,-55.2445539,100.8078943
410245915,-20.27475659,133.9648807
257605131,-37.93978324,62.96644592
286561122,35.49516393,65.87624408
404467699,-14.14914337,25.87125319
134396419,-37.06187782,122.2729492
122262940,-57.94061597,133.2387689
188589164,35.40674401,239.5783246
224596152,57.30545127,254.5029384
310981412,69.20078758,161.4280638
416624606,50.32391182,310.0380295
326453034,-25.63173374,339.6776702
59859387,-45.5677871,110.3697368
33091633,-4.812169597,104.8759471
461387302,66.65055995,3.021591226
20178111,-40.3957704,89.89750047
120960812,39.48787721,286.6383931
274151135,-89.47155199,146.062544
345996087,44.08013307,327.4800905
250724252,53.12154035,33.50522978
470315428,52.86494749,64.64835019
146172354,-42.24019964,157.8670477
269509393,60.17558739,350.3733714
189013222,-15.51256781,79.10183308
470852531,61.55414642,359.7408318
165523947,40.16718733,316.8138879
304774444,-52.26282041,281.3694517
241065596,49.38865643,21.73619091
232967440,70.76841019,197.6823439
220518305,-64.32070705,41.46730207
245462406,55.70324976,38.82164151
127476180,-28.20488157,117.1133267
101497191,-33.79931368,149.2258931
238197709,-72.94740791,57.26551849
411608801,21.61694616,18.99521187
374997123,-63.07937538,99.22469099
190496853,-40.54381091,133.4087875
232679662,55.26642551,282.4745335
1717732429,55.26642551,282.4745335
137500798,82.92719663,132.6351809
149301575,-60.47711615,82.97944402
178284730,-20.45108636,60.38562447
101929303,35.9883563,299.2738442
177126182,-11.97984567,106.4050664
365389353,51.32355842,323.8645651
164150539,30.57271005,335.7535293
240148934,31.46565516,101.3820736
93594834,-7.336594335,114.4208691
38846515,-64.02703688,68.95970924
104024556,-35.54953365,196.0438919
387413037,69.15187525,311.2366371
276380902,58.32891201,308.0657658
197650870,52.22785669,336.7050508
468845640,53.79597144,337.8334878
229650439,74.93760321,280.9241668
306338882,-14.78831822,14.09490688
1718201850,71.71218278,286.7471369
266500992,52.2570638,61.17219242
15565627,39.87718953,307.0166783
167403519,38.104849,319.325008
253132689,-57.25362704,194.7698231
89535068,-57.19411271,127.2811799
349790953,-61.29248173,113.454795
160491359,73.0738545,239.0180675
73038411,-2.010775242,120.2041292
148659924,-32.90377097,114.8644486
118327550,-36.71816999,10.57058722
327341626,42.67778351,24.69043971
294176967,52.04086518,300.8051551
15445551,-52.84083319,185.3246918
334811204,63.59906015,331.7017944
5772442,-7.129637469,111.7665749
314865962,-72.74424326,53.28131051
371188886,-66.68668484,146.3978608
405862830,-43.62065223,279.0624329
233953967,56.46262586,305.3951158
318022259,48.33038926,107.8664288
330332501,46.06054834,315.1104213
70914192,-17.41985258,64.65705681
162246865,-44.42888194,168.8716096
96291218,30.28040242,73.03483936
421308357,57.76055826,288.8181153
445137888,56.07006535,11.30240078
368536386,36.76581339,89.4201944
219776325,61.12129018,263.5433843
191284318,42.46311581,9.573160199
376637093,69.50373699,340.0844209
172193428,-28.40423895,98.53201071
372730331,39.16254133,152.3303772
316254876,54.86568631,51.98866849
275722992,44.89971306,318.7849903
53427308,54.59663986,118.8819191
376682699,69.07444823,340.3522063
41330864,38.43103919,301.7104189
230017325,61.77610631,291.4691838
294781547,-68.76186214,71.4840142
232967666,71.61812706,198.1532158
241173474,43.00919653,116.1072936
134537478,-42.40975427,108.3014748
129319156,-52.88596356,228.8431328
191146556,46.34033443,8.304434468
409520860,37.18663539,355.4518935
236387002,26.3041816,244.4300231
241040309,48.95539058,20.71737275
146406806,-31.60831606,123.7335319
220016044,-48.48472361,32.32179192
416987878,50.320725,322.8921287
53875855,34.14825787,14.65275647
389924075,-70.99178648,87.87434418
288185138,82.95213658,222.8425635
145027461,-30.7879517,122.2574891
312259170,59.46450162,11.04277136
295541511,-66.4198078,273.6022255
143257766,-45.89268416,293.3892024
219508169,42.68747167,246.7975206
329145325,59.65059333,332.7126916
157568289,-36.77083444,106.7674289
447206604,-48.42857353,156.9950348
252636888,52.78709038,346.5184006
455791689,46.90312834,346.3474147
429302040,-10.1461733,188.3868504
445859771,58.39044475,214.1205518
251848941,-30.45374026,7.301262525
453260209,-77.29630816,146.878422
336740528,61.14893307,334.7384336
274138511,6.445699781,116.6870506
155005217,42.54931756,345.2438354
203189770,32.58104513,304.8000207
99869022,61.3527159,166.8806942
318746829,56.00861269,349.7186368
285666479,52.07104753,43.61067544
256621916,60.2464387,300.4883193
92677094,15.736138,293.2682813
154459165,-28.06609255,122.0345059
174041208,43.37687072,351.0175868
77156829,-39.78670761,68.1776452
358460246,-64.94146418,119.0144162
29054413,25.04807204,50.91635665
375223080,-75.92623555,133.969038
31858843,-32.8599875,289.4792984
233071822,60.67564954,270.8065503
69068526,17.80873931,291.7076925
333821572,-17.1751119,116.2749091
181304295,-36.6570417,130.9196333
129991079,40.89136134,37.13230712
393414358,-38.32326505,94.33645253
445144327,58.71207846,11.23414345
420288086,61.835626,10.96276461
43647325,-6.229826703,76.08180172
270841724,-47.11475748,132.068717
470709084,61.68276026,357.3681049
321041369,56.96359053,81.67135066
111991770,-32.15961535,208.9279665
356473034,50.22581142,117.0269692
280097543,-77.38330911,47.14999787
322054600,68.98736393,323.8702039
258777134,71.7136,286.74788
385105624,46.68218285,50.80800084
133654092,-41.55982516,121.1851117
147951030,71.54092802,167.8659446
292321872,45.50017206,31.90220787
190442486,41.95078588,324.935469
389182138,54.16177132,343.6357525
54364414,62.35174946,19.23411389
343648136,-76.30076113,272.3118113
122612091,-30.16904484,41.04004079
272625214,62.14269621,356.318427
76923707,-34.49139876,352.1719592
363761216,71.15881382,5.867238382
145982812,-50.00883372,133.1452668
415741431,58.27607296,339.1443953
24364065,33.27371319,291.120506
237071229,61.8714962,307.0229066
173612049,44.50885091,348.5815702
459997997,-60.57518087,156.2502244
147950620,69.96470846,167.8204822
89759617,35.58840507,301.5646775
89643259,33.04922799,301.4108424
410528770,60.56910509,328.2157391
367099243,72.61541543,317.7295558
117322779,49.78375695,48.35226352
347098457,-16.02342442,117.4702438
230377505,60.23389142,285.2057355
334911765,-62.90662564,213.9789867
356453768,-61.37146411,134.1908343
270333769,61.39253679,351.8803335
406941612,-80.47294046,229.3402974
243200602,-42.47526796,203.1059837
47425697,-24.95924478,342.2561049
320506985,54.65460042,8.163433005
281979481,-75.80151827,130.5046993
452803785,52.63633515,338.4348955
285094173,46.47082095,186.5820613
259377017,-51.95623229,68.41550094
23740089,37.74854452,208.0996802
80275202,-44.37511706,121.5262531
394509844,-79.80255029,154.9969263
315755496,82.43526609,310.3315274
231912935,-63.79059783,7.318130057
122613513,-32.21090736,41.18849573
261369656,-46.27794894,292.6046957
335996558,62.85737971,333.3318583
219824469,48.25009528,204.4402755
38696105,-60.12997653,66.1363122
146438872,-22.71190623,75.53169224
90919952,-44.62548438,277.4329399
117979694,-17.74508874,71.92133572
394657039,-78.54983928,51.78201569
318608749,-83.56707169,9.126146423
418959198,36.51764328,344.9072479
268371979,-2.347448902,105.0630731
1400212743,40.45737948,267.3546078
388106759,-69.47493878,62.8542415
198153540,46.51939928,211.0941078
210445631,-56.322302,212.1934263
356867115,71.58137836,275.8631336
177722855,-11.32895031,107.4215564
174599051,-39.13548355,114.6992467
153651591,-26.16570336,121.0092846
379286801,-54.91075069,283.3018712
393831507,27.45214771,187.6864754
147340931,-44.98470711,162.9168768
125739286,-31.2020661,215.1228711
235937532,81.5547932,293.9146821
326732851,62.62593854,359.6782693
280437559,2.09892341,115.1368329
236312126,28.16956101,240.5493596
125894957,-26.07095327,115.280399
444842193,-55.31827339,147.7578319
306955329,48.63757464,14.1135876
143994283,-42.9990841,119.3007689
178367144,-1.982773802,123.392307
50712784,-11.50098639,126.3378485
351603103,-63.78985448,310.0865768
276128561,-37.04289849,224.2087594
311890977,-76.85783447,263.0038394
96097215,-7.330819213,146.8918014
233071926,60.41732545,270.7391709
427279997,54.60119016,351.3807557
176984236,-66.32832463,101.9095354
445586472,-57.23634866,117.0841554
209459275,-31.16269496,46.81873235
261867566,-71.36145445,227.6590235
294179389,53.29568221,300.8385704
453209605,11.98079752,116.9143295
407059875,66.16817002,5.470038442
198206613,63.49855055,247.0447157
409459226,-11.94269568,109.9503251
378159598,41.56512855,294.7226998
152476657,-45.8982154,62.61606656
295562522,-67.77862971,171.3785444
36724087,-11.71673377,154.6464046
255685030,-52.4604403,98.46893726
279251651,-59.18326449,104.155226
271581073,-77.52908939,319.5511424
259129875,68.01466189,291.880214
256414077,60.71553077,15.60652089
273985865,-83.22813602,30.50840571
176796997,-32.0055175,48.37874888
435680451,79.16558516,17.91396521
424391516,75.30325652,281.5773694
13499636,28.05574493,320.2016468
238004786,-53.00564511,102.5684188
240968774,49.23377998,19.11392939
329277372,57.28232817,332.6303594
182943944,-37.783291,124.7264729
259172391,71.49738735,292.7676755
25155310,-69.2268227,63.37393962
179159972,-9.893682642,109.0563667
408159788,7.056063306,78.44751497
277014266,53.56163235,306.4259224
162362398,-44.01712448,169.4144966
15863518,39.8431806,100.5206503
287190564,54.1085105,292.5051812
375850439,67.97118426,336.2950557
255704097,-50.29744431,99.11516193
291555748,-50.26661719,111.7160731
175310067,-36.09833532,116.1108202
149577217,21.92308363,195.7620265
327301957,-72.01044902,310.7607244
416195870,57.34418289,287.2419954
341420329,-54.87856297,120.1480816
230017324,61.77625295,291.4651496
327577308,56.36702866,4.746308525
260130483,-55.4035495,92.30512308
393965778,45.56399453,212.5468971
399144800,-67.38781455,163.1999472
165527918,54.09113489,266.1336186
302518439,72.53324284,134.1201207
25799609,-0.772895925,119.1492948
453387619,49.47821313,113.8744994
262330063,4.809957293,78.31873749
198008005,-54.5928704,60.19974393
233120979,62.85825625,273.5294067
286355915,34.36891594,37.89326055
46096489,-20.27551173,214.683011
279999655,4.715110412,114.0124613
240681314,51.28876641,9.458791694
81247740,17.68721954,205.3542843
138294130,36.22964944,229.9913356
350153977,-81.25074373,53.15926132
322062001,69.283953,324.2389261
269558487,-2.144529515,15.54293561
382188882,-55.01990104,81.35298266
314835525,56.69451457,346.9096694
420049884,1.323677551,36.27635135
265077027,4.038552311,127.1783843
179155220,-8.329360349,109.1069116
229770036,70.83969714,282.1741882
5109298,-5.432661572,107.5981093
402898317,70.8694158,302.7380077
405559035,55.15360073,234.8613837
1003831,-16.03628,130.2951647
357536526,-64.47143363,137.6630184
353475866,34.77316688,90.30846478
441797803,73.26108755,264.3790182
219388773,-50.85878536,77.04757944
268644785,-52.12043728,117.4150081
410450228,-60.41243814,117.8949822
167600516,-65.62371873,102.0215748
169765334,-15.63465289,351.3208624
37770169,-25.03112256,94.00965475
101948569,-44.16082457,14.75474531
445822015,-48.32086765,147.0057091
176957796,-66.23803573,101.2972931
404340025,-49.63967553,195.8279928
155044736,-27.97181909,122.8959567
198077394,-56.25373862,63.82514887
271596418,-74.97078655,108.567957
355636844,-56.01313502,358.3015305
239154970,33.83503278,113.1842378
41227743,-69.420275,91.519877
229747848,70.28994074,280.3267614
311035838,48.0286684,206.0941413
229888286,28.215779,226.1164332
160222069,-43.04759238,28.07755347
140706664,-43.82844011,128.3820111
9392421,39.52676934,167.7778216
154716798,84.0303674,158.0123699
277099925,-67.45959668,83.98653497
147203645,-44.01778439,323.1959072
219852882,68.84291612,256.6229152
270380593,2.418021265,32.78176529
453789494,-47.23757697,199.4338433
70899085,-12.08401501,64.19000208
128449971,-42.02931825,219.3894506
260417932,-54.57817486,95.94124542
29857954,-26.69263186,316.6319018
328750515,57.93894405,332.2870683
288636342,78.61113017,279.4644882
396740648,66.36068325,97.74821094
328933398,84.37186858,212.5684287
356158613,39.66814924,300.707846
55559618,-64.92932793,73.13845
294471966,51.36190732,302.0013941
306472057,-69.70177112,118.4348203
159873822,52.30631426,237.9241797
47617161,-33.82613339,220.4268003
138727432,-37.89292809,32.91424387
470127886,81.56594012,331.1170527
378355116,60.48166422,358.2483997
38541473,-10.97337739,56.30457233
140760434,-74.92044562,74.13024227
219229644,-50.94447771,63.31857249
347013211,54.93446295,1.119139199
398943781,-30.63986878,190.6187289
242083025,-39.62989999,201.642314
285048486,64.79692529,120.6106263
165763244,55.18541787,232.1400838
236714379,65.88900798,239.2016124
236815160,59.76306598,283.637491
219852584,67.87146666,256.6722866
121966220,41.78583221,75.79773644
233681149,65.01187332,260.364977
219854185,70.23850987,256.7709097
160487753,74.40669435,238.0318005
89020549,-43.43664354,338.3994515
355867695,65.85455064,157.1459367
306362738,-16.96530801,91.08947276
23650642,42.10499219,126.0884702
219380235,-51.76706554,76.7616123
160440924,77.23273029,236.8167821
101955023,-47.15671937,153.7157431
166697854,-53.07022824,35.73734376
427730490,71.50636448,352.2741211
284288080,-53.54641787,106.6498021
261257684,-83.13020375,89.37231506
377304435,55.30367119,287.050197
332660150,-12.11878933,63.03237264
422656370,68.2992142,349.6717574
405700729,-56.89426825,192.0577965
95129101,28.12016785,114.9328477
224298134,57.75246711,185.3393985
52204645,-66.90247008,19.39431617
425163745,-2.505917792,58.89678006
300013921,-68.36888737,107.1339564
229944666,62.20306766,288.3848372
202504234,63.56544796,230.309893
391821647,-70.35727826,82.76477534
219436394,76.64796652,205.594366
179317684,-71.89559735,79.76815428
198186769,62.92506282,245.8180656
260985861,-80.76810648,76.63538783
219205407,-51.46667423,92.83399396
22705558,46.20371485,125.1887773
441765914,75.8822881,261.3752285
286864983,-21.87273108,190.1915392
387664868,50.48185224,323.5503671
100608026,-32.53309029,86.74801462
243185500,19.22587831,16.6540615
233720539,63.4881004,276.3792713
271893367,-73.60615265,112.9656531
150428135,-65.57931155,97.09678659
336456596,62.46500366,334.4343918
294395926,-55.59823731,109.3309735
9348006,39.45781642,150.115134
165317334,-38.10471524,179.2636082
346418409,39.65887602,344.6100927
274215536,42.13156899,99.89814368
470159478,81.73971996,333.3114589
281924357,-74.7632053,129.7570608
274662200,46.86495131,316.8670851
67772767,-7.315684153,63.78682085
100757807,-32.92518426,88.03023748
333607525,-12.28504086,100.3632344
224313733,57.89066913,234.0992727
258801269,66.29075046,287.0250388
445254275,59.38672587,12.21612436
352239069,58.61475682,292.1960689
219015370,70.47656826,223.0928864
394050135,82.24543379,282.7951668
29960110,-14.53748424,42.24697018
29918916,-7.280904542,24.74026651
269424395,60.80122794,350.369483
77031414,-34.61126737,354.1682357
461080504,-61.28981823,159.580244
363914762,-49.00693983,89.23564967
237104103,70.18985053,241.3233637
309791156,-62.64605347,80.05471149
92880568,-19.57504018,83.21585628
219239945,-53.80142561,64.52134409
299780329,-79.75650465,37.53005009
66561343,-11.23536574,86.73822864
183593642,-36.70909898,17.8880171
9725627,-10.11808243,358.4085629
127793615,-43.2984011,218.270246
259126549,69.1130073,291.4118396
229536616,67.82341067,195.8212912
371210825,32.38414683,111.5595692
198241702,64.55871662,249.6970407
53189332,-5.07942814,166.4297348
330799746,34.90109254,193.1310509
207110080,-58.02469944,42.2915006
468574941,74.33134841,16.184842
408137826,6.54605071,78.30044997
40083958,-10.46848611,7.387253493
149788158,-2.498067722,130.7368334
162695785,-53.68830119,190.7205029
248434716,-5.671108938,77.40362722
201186294,37.11222224,56.39016879
47423120,-24.83859731,342.0675012
219850915,69.51937933,256.2802532
355637190,-54.46885636,358.154456
417948359,49.86103901,199.1966264
120757718,36.63262386,286.0410483
66818296,-28.06175262,239.9622874
301051430,-45.06190259,50.03618183
382302241,-58.74520194,83.34888085
237086564,61.55043263,307.3958855
125442121,38.55297509,351.5797035
422756130,72.29644054,21.92071933
159244568,82.44721301,227.1787972
198360694,57.66110046,256.6011932
467179528,65.83380653,197.9981677
399871011,8.980853875,74.5551331
33690636,-16.79193255,93.12235197
238176110,-70.15285455,357.8452142
146520535,-20.24559546,76.64954663
382391899,-10.89806279,43.68805946
396562848,76.55312508,44.3260797
299158887,49.54818079,289.2261924
24094603,-46.06551302,269.6486273
373844472,-67.23300017,81.51685434
16288184,-28.71055964,253.76889
235678745,75.41860529,285.6330443
400323948,-67.99189443,166.0858962
154383539,55.33367413,215.6024567
172464366,-27.57140596,100.1588019
350445771,-56.74053775,85.46748428
86396382,29.6722962,97.63665283
116483734,47.86105052,233.0650472
190223929,41.90081287,98.50298575
17993892,41.02796366,171.274941
127530399,-46.15920078,217.6091217
159742538,37.21182947,268.3043712
28900646,43.03741375,68.59373014
272213425,-45.79944318,180.1651251
232612416,63.10595604,259.0236191
36734222,-9.80627864,154.9083706
351601843,-65.44944126,309.9722426
167714792,-36.67383324,80.455326
376524552,27.21442296,188.9225797
29831208,-67.80649444,66.58254045
232982938,69.62169907,241.5624123
138762614,24.88242621,164.2549881
23814735,38.70577258,210.0444797
175180796,-36.99609108,116.0104412
144401492,35.17178678,178.0465607
288735205,79.25604472,282.1002971
284475976,55.4731477,291.1623398
147660201,-42.8493571,163.9094233
294179385,53.29423852,300.8422542
159107668,44.64739379,289.7397132
181159386,-38.30720058,174.3028705
316769613,-32.86061827,354.6682654
1884091865,61.08505147,290.1084649
33878688,-73.33334532,66.22227968
230127302,70.429639,251.1164875
417931300,60.41837222,186.2752859
125405602,-23.27648521,209.6147128
166184426,-40.33671265,206.1042355
150167117,-62.21982221,93.41367879
257567854,-23.81967822,52.81802906
271722899,-73.45326548,110.3124716
310003988,46.96013337,224.8728253
219698776,71.63703121,135.7340134
452866790,3.338803409,120.5953454
29960109,-14.53784179,42.24929047
230386397,64.22997953,285.7858728
1551345500,55.31315158,277.2918949
224271611,-36.57158249,354.4898542
289580577,61.17352276,252.4698493
229400092,62.52921529,292.4586256
229047362,-27.52220023,195.3599002
321857016,66.34886748,322.9413228
141776043,-21.015737,117.7125426
424435940,45.17201643,274.7010544
403136413,-55.37899864,333.5787807
396368313,-75.83317805,212.8393193
207237016,-59.40015955,49.81635502
360742636,-55.33010515,294.6336536
53735810,-34.98984913,158.2249697
259389219,-51.3965537,68.80383915
348844154,-60.29763777,105.9567277
356919658,57.99289015,273.5807686
278775625,-56.22068384,99.67420173
153951307,68.83626556,201.3823979
55383975,-64.02619534,77.38351415
294869729,-68.98567232,71.7991874
179985715,-38.94870441,14.08042007
158623531,-50.65917138,24.16810887
153065527,-42.24237171,49.26240039
253917293,-31.92423804,337.5006828
367753709,79.06695624,255.4019021
9727392,-10.8849728,358.4447305
92226327,-15.27153976,11.24721458
415969908,-18.91182841,343.710059
9102327,-19.41967188,350.7797807
30312676,-66.39033353,74.28676846
30853470,-66.65515725,75.91542939
160045097,74.41162061,213.0800448
440777904,14.26261379,108.8250809
59003115,13.48353421,57.22529941
116156517,-40.573422,7.709312504
17746821,12.13939964,118.0634082
230387153,65.78539922,285.9215176
35857242,-0.463976852,41.63911135
232038798,-46.82145179,96.74464225
470987100,53.04508676,111.8014993
102192004,-41.38483676,195.7940143
386259537,-12.94475187,127.3872879
300599466,-68.01229188,113.0476299
102195674,-42.5590551,154.1918623
294301883,-17.50347954,203.7581406
423670610,-17.22178471,9.765844442
100097716,-42.30376769,24.0477149
403287048,-62.33398112,332.3578043
382068562,-55.88879648,79.6569268
73540072,16.9924233,211.4595522
248075138,-42.07363747,192.9814917
61538902,-42.06395065,176.2989841
167418903,-67.64897766,99.62083118
44631965,35.86481371,22.23622505
434234955,14.94485172,63.81107873
446549906,-58.69679985,286.7965083
188570092,-16.99994118,339.0263291
14165625,-37.70868115,78.03709953
79395355,-51.30990832,320.0541674
289590465,65.29411639,253.4429128
300557619,-71.59562663,112.5995415
231736113,-48.40897299,82.12795773
175532955,-39.93096141,45.90597377
236445129,31.66100824,314.2684944
275248683,2.116379621,147.9706481
19025965,12.88345554,119.6279376
367739494,80.04560106,250.3834485
437248515,-19.05478237,169.438991
237200747,74.89113284,293.0327081
284441182,61.21362621,10.08870877
204376737,-22.67396597,348.1572369
279740441,-64.54858176,51.50468699
150247134,-62.64855259,94.16747847
123958679,-7.13131297,103.6785803
260128333,-59.54113338,92.13319962
71612483,31.40194655,202.2946652
348770361,-82.31639106,46.68607308
231728511,-51.35705344,81.44424572
278199349,-79.50416686,110.890425
391904697,-72.55886274,106.4773221
77031413,-34.61185484,354.1701766
120610833,-35.99826316,5.237475162
374829238,-65.6339403,88.33744896
286865921,-19.28429731,190.1520615
200322593,-47.93764704,76.31011958
219698950,-23.35484116,175.5253354
369457671,-37.90434842,311.6435094
224245334,-41.1715283,353.3574034
336732616,-24.42876106,312.4574386
253728991,-40.11174441,282.1404385
139285832,-44.87632423,348.0587335
32497972,-24.24385643,84.10884938
347329162,23.05567499,183.3662118
321668398,53.02124495,264.2630504
219195044,-53.82348437,92.39174039
206474443,-47.91817014,57.33680905
141527965,-75.68890937,87.71420942
184240683,-41.27715155,359.3489857
33595516,-29.42179754,28.71543321
341815197,54.41594741,267.307159
177115354,-69.86711567,103.7549467
299798795,-80.89922175,37.19348343
270468559,6.097226531,135.3443709
308098254,-17.657746,168.2928808
270507305,-79.71584786,98.89333534
55652896,-63.26008746,73.98023014
169532369,-13.60561457,78.09887562
120247528,-58.45925531,280.184392
232641326,56.38169393,281.4491427
177162886,-71.52310977,104.49254
233503636,77.34403915,251.2356486
115524421,44.30265265,254.1305832
198212955,60.19609815,248.5532823
388104525,-65.19385123,55.93342241
35516889,-45.65918222,148.4169854
279425357,-57.61864453,104.991042
373693175,44.91533252,188.2662755
149990841,-64.81954807,90.66251819
158561566,47.33305,287.708814
321669174,53.02570341,264.3030651
900715901,75.54700493,173.9897375
55488511,-10.27202948,59.01716968
138968089,40.98669336,295.1011006
207425167,58.29455276,242.7477166
11996814,65.28922445,31.17081836
381979901,-59.53574024,77.60538545
309257814,-63.21348639,124.2695571
279982557,66.29390036,297.3940872
321011127,-41.51437676,43.54616391
152147232,-39.46211762,169.9096602
281459670,-59.94256816,5.618716792
307734817,28.05654883,171.5971258
151825527,-39.32779334,167.9903888
265612438,-55.97878193,333.1747607
149010208,-31.33439593,3.394101053
42015200,-39.14255651,24.21597634
288636599,79.23830696,279.7444146
99493790,-23.30573084,317.6396691
427348923,-0.207847747,83.53199119
178289267,-19.05675743,60.94833555
237099296,68.93745667,240.3013952
37718056,-10.97641611,4.14633883
140830390,-72.91413906,75.62728195
271596225,-74.60254414,108.5617346
272672133,67.45246367,234.2421808
229750058,66.30291716,280.6792025
116264089,37.54617695,268.0292438
332477926,57.44782394,265.5943747
13021029,-26.05415743,75.29966129
159951311,-41.30212903,49.56226473
439456714,-20.9522044,19.07723069
21744120,33.0124831,256.3464483
294780517,-67.98113462,71.24584942
231081369,-66.91636648,68.07365172
38510224,-61.94246153,62.51607883
237924601,-63.05379898,57.55372119
73717937,-47.61369106,192.1897723
144336525,-46.86658006,356.1149099
198108326,43.4935007,209.3894452
32283946,-31.67080489,24.1726405
150428703,-64.59645752,97.16650732
170102285,-42.76185169,101.1275562
54962195,-8.510725505,160.0664715
114749636,-22.15320158,359.1915363
350332997,-54.1912051,84.08152688
268766053,-20.66187824,31.90920571
281710229,-55.9226141,11.48464224
229141709,-51.29687184,26.37669827
322307342,-58.90475687,15.00588928
163539739,35.64882678,320.4789187
364395234,-61.87990607,116.5014203
393940766,-38.15971721,338.3206809
238197638,-72.79378746,57.48896998
183120439,-75.19887797,16.77834703
371234684,37.14065078,110.1685677
380886535,0.347114529,19.4611657
139528693,-22.11641776,63.75626832
402026209,-42.06140263,353.5628576
220459826,-55.92920641,74.86803396
237914496,-65.19910887,56.17520315
198385543,54.52693851,257.9554217
236887394,65.16208081,303.3817402
53458803,-29.05862378,102.8475055
207425203,58.4770441,242.9193161
233633993,60.15419287,284.7675101
158588995,-36.85809294,164.5874378
77156657,-38.9683207,68.13648348
261108236,-80.81567449,83.27608665
459969957,65.74711792,254.8169106
455096220,4.787060403,123.2507444
220435095,-57.51354856,73.64143356
139733308,-21.48196186,67.22284663
269892793,33.31268849,44.29282879
260640693,-58.320665,97.820376
210873792,-31.37306928,245.9055783
160148385,-47.36064526,1.046406972
1449640,-35.20261053,75.17161407
13023378,-28.00783779,347.0535963
410153553,-69.16897804,340.4921556
118956453,-20.72037349,135.4163488
229490898,64.79194423,296.2573635
88996391,36.1965953,263.9444545
151959065,-36.45940317,168.9985142
150430484,-61.15048678,97.14324506
232650365,54.91037358,281.7677034
394698182,-83.08858219,54.98854895
144276942,-44.80882279,353.9040839
201604954,-54.89318069,285.0964873
258510872,66.15597068,304.6652174
38509907,-62.85137093,62.37839537
33831980,-76.09769327,63.41682489
300710077,-71.30440219,115.2684842
139285736,-45.01713267,348.039821
66413476,-33.51218291,13.87701755
140691463,-76.6805246,73.70122089
145750719,-14.99176269,341.3640181
162922904,-44.08869372,171.8451038
155986102,-50.14012947,7.329892694
441075486,-15.61200396,359.7590152
190998418,42.06137313,7.053932152
339522221,-63.5655937,296.6882543
52640302,-32.85838298,101.1150217
157586003,40.01868945,279.2624236
231289421,-53.66555434,43.87544679
233211762,70.7843862,266.6862177
117979897,-17.11516519,71.82440073
144301052,-42.01025894,354.2974935
228381868,-17.0775809,357.5805211
277634430,-72.98484464,164.1133095
69838258,-21.94567939,337.9216327
322270620,-87.32155811,296.8298126
364074068,77.63618758,306.329027
160578764,-38.74454027,223.6587147
237920046,-63.33730083,56.73432362
141527579,-76.6202899,87.73613394
312862941,55.69794753,15.32175969
327952677,-13.27159252,359.0917782
316937670,-56.34467193,356.4903686
112099249,-30.3481311,209.5170318
220459976,-56.39405721,74.69714345
229781583,69.63330099,283.5356465
97409519,-30.74965636,332.7143409
99834717,64.96398477,165.1674258
13349647,-8.026947968,131.5804074
35009898,-5.546398821,164.7241219
468148930,-88.56843173,305.5669132
53750200,-27.05039511,103.5173565
400476523,59.58913129,295.5589065
72985822,-42.41360953,189.2971893
229586455,75.14524815,271.3690961
259962054,-67.68765901,43.01870757
70785910,-30.33627856,1.583613236
13023738,-29.5903195,347.0847927
233602827,64.4191998,282.7377705
180145006,-37.94253209,14.52329372
356016119,70.02731556,254.14323
176685457,-19.34765509,141.9206712
380589029,-61.74732427,268.8906975
229791084,69.57085187,284.443974
229811538,-24.14420232,198.635676
429358906,-18.91017922,183.9211065
308425348,-58.98300347,167.5828997
420112589,73.19542645,290.1738575
220479565,-54.17720139,75.84608801
156075294,-48.29356876,10.59463809
49710555,-10.85958616,352.1643918
200593988,11.19457657,85.33539446
207077681,-40.04826775,320.7628948
52280468,-33.54030278,99.86679731
112604564,-29.93789466,112.4192119
102030574,-44.70578108,15.84467151
88977253,-5.768662912,123.0976723
179308757,-69.63792839,79.76589249
248111245,-46.58771827,193.5525455
14344979,-0.737169784,163.7889731
423275733,-23.94616744,140.506391
80432617,-42.36175207,11.6731018
41865539,-39.94781306,21.32232559
188593930,-16.35993689,345.5227512
2758565,-17.44919012,356.2831448
143143769,-30.8117675,89.59897916
199731190,-47.26294683,21.2919774
166833457,-34.32821821,58.42883598
12862099,-11.93813512,3.903206053
27649847,12.22176047,123.3438584
231663901,-55.87179445,318.7369152
66497310,-18.88951109,356.0453157
228507250,-15.80104968,358.0395792
410094645,-22.1981438,133.2589196
175477257,-36.9759897,351.1058246
162689341,51.04108114,246.6920783
66356824,-32.11934894,12.0763062
219860288,71.87139111,257.7464054
315002523,-28.5855828,144.9268701
77951245,-31.4126908,79.00491495
119081096,-18.50250473,136.2384827
220029715,-21.20770074,208.8569456
55650590,-62.52235199,73.73723136
67646988,35.96929602,147.7690653
48103627,-33.21850573,147.4067435
168699373,47.01473488,213.1440479
144301273,-42.96637681,354.4455512
98545929,-31.24440516,109.1045334
13684720,36.06457195,305.5380227
437333618,-23.78118202,207.9077663
14661418,-29.54332154,174.009746
104208182,50.95548595,54.50198098
268301217,-52.38330736,116.3707614
235683377,74.17228352,287.2908051
420112587,73.19634575,290.1738721
81212286,56.4275617,127.033289
139771134,-52.51303146,324.1280878
137881699,53.95088942,150.5726948
262530873,-44.41673821,20.49405138
296780789,-14.51131378,142.3471373
267561446,56.86633897,311.5132524
141608198,-73.9846888,88.96058444
289535142,-13.20288756,131.5249701
43064903,40.66899793,302.6674623
165551882,57.22476105,266.7662563
238932509,-53.22677193,94.94288486
73649615,-45.47059669,192.1050665
206609630,-59.58324617,22.55002384
305048116,-28.31977835,353.238178
44745133,-25.34970998,61.65778149
120585579,-38.11081403,4.451467577
38686737,-10.614066,57.86567851
230087585,69.03091301,247.1256518
219879302,67.98915009,261.1294597
166648874,30.45875044,166.1189629
1133072,-28.07657311,131.085907
141768070,-73.39173269,91.93741908
278198753,-78.44274534,111.0362633
80439101,-44.3699301,11.74731083
258871793,66.32812926,287.8947789
400430915,57.32566198,295.3822089
311408969,25.73118177,264.2734743
156016136,-50.31697801,8.923837031
144700903,11.56280139,85.07995102
161032923,-52.21427348,276.3702242
220475245,-56.14134181,75.35067629
260609205,-57.25484065,97.4539312
229091748,-46.27242869,3.797716029
118327533,-37.34299985,10.34448274
287139872,60.70908068,253.4629932
389753172,-47.9455607,351.2909618
260304800,-57.55883765,94.53551269
413376180,-22.5630047,176.7390429
206686292,-34.36111195,344.0606876
59843967,-22.54689307,94.11209014
468987719,10.20664551,128.9257281
139357541,-43.92553894,349.4876674
349518800,-62.09248786,111.2118146
260476837,-59.80481051,96.24819742
70440470,-35.15398731,339.489324
232635922,54.95011124,281.1371461
230375747,63.42983746,285.0206755
441739871,74.30288591,259.5642434
233078665,62.17672979,271.6119265
389900760,65.51491568,23.50413325
1103432,-17.18943511,130.5814567
368287008,27.36079764,232.1329251
78055054,-30.9708365,80.53819807
175476629,-38.22572873,350.977782
415969574,-18.52045038,342.1703188
27966179,-22.53875093,358.7515644
233497719,77.75623046,249.5200832
424733642,22.85008683,199.4127122
235905185,78.7541956,290.8774512
272758199,71.44302597,237.3171231
4616072,-21.91072707,101.9942603
321982642,-47.35541722,3.060954615
307956397,63.77857826,256.6624352
402319411,-14.85994916,353.5400067
114299824,-32.75542105,114.2834141
229111835,-52.23947202,17.48078077
44647437,-25.18997696,59.41050142
172598832,-29.77680407,100.5712682
233047097,60.35645313,268.6609443
262530780,-44.86195706,20.54728584
434105231,-13.45566319,354.3355387
219762508,63.12302373,262.6052298
348673213,56.57016427,35.80715835
243335710,59.67011128,289.8615919
408203470,33.41446683,307.2113344
183675732,-41.70048032,358.2274417
262531275,-42.4817207,20.41929264
387527558,70.7963538,312.3266436
157225097,19.75861373,206.8454618
281541555,-56.31613365,6.70247349
36352297,-3.102141784,102.0798851
369336146,-37.22207298,6.069947056
287563610,-45.59056652,198.1329246
359357695,-75.13189832,182.7268485
44745077,-25.09373841,61.63993326
231702397,-58.94506972,332.9470826
365639282,8.440870772,81.39861111
403136415,-55.37330105,333.5596583
38460940,-62.98722491,61.13321966
20892672,-19.48951071,1.399014156
382463648,-45.90950705,353.1048688
115242351,-36.11441117,6.176882683
8988289,-9.882091372,354.7592891
9100874,-22.67737855,350.5784372
379240073,-55.38791623,283.1195036
378976682,6.686664145,197.748916
98283926,-33.43733384,108.4523952
36440357,-0.672769311,102.194639
289793076,-26.09667607,316.9614632
157266693,-33.86005658,176.6285046
244161191,-5.911267885,4.883093821
1528696,-30.39936645,75.79542865
201642601,-59.57937696,288.6719782
343628284,57.77137353,316.3241299
272212970,-46.13642353,180.2088261
19684256,-31.26930311,140.0876902
355703913,-62.46933785,0.774459636
42821097,-0.170703432,97.03357762
348538431,-15.76462431,121.6293654
108645766,-28.48317776,112.4453954
206352378,-53.03901743,355.0154809
308307606,-60.86568199,120.1999622
29344935,-25.68733303,313.2154704
178879588,-28.19728723,67.41855381
77044471,-30.01302956,358.5587429
118586896,-38.04316728,10.92230079
363851359,-44.68880523,200.634885
180285396,-36.68836864,14.71390958
7088246,-50.06734584,286.366701
6663331,-49.13848775,284.3996885
9032368,-11.26949654,355.9018693
437261733,-22.38818101,170.3244376
259168516,65.97436723,292.3133807
441738827,72.74686479,259.2538462
32090583,-68.73945051,58.42034938
33911302,-23.9979263,355.8449164
33521996,-19.03165848,88.14681939
348755728,-12.93065746,134.0891098
251852984,-32.05931224,8.202810269
403693875,11.04344658,105.006208
14614418,-29.15604277,173.9574046
272086159,-72.20773912,115.0032552
156002449,-50.72928714,8.481895248
305048087,-29.41505245,353.2427915
230086768,66.14361427,246.6245844
206669860,-34.50273746,343.6330401
369960846,-88.09625552,173.8137518
219187649,-18.61731782,171.2060708
260271203,-58.22980989,94.21807984
100099031,-46.94533347,24.27237202
142748283,74.82753413,151.6191273
234112540,0.815251913,101.2772529
219728669,23.12097865,197.0721224
100014359,-47.88205785,23.28050175
251855940,-32.16652769,8.65967155
308208458,-34.39213456,5.696965513
155995204,-52.04937543,7.658546076
387690507,12.8818478,103.4127729
271971130,-73.57745186,113.8510691
32499655,-27.97257687,84.3267664
251878904,-34.21490389,9.691980269
181804752,-16.40619047,165.6914766
274762761,38.23080798,301.3475332
178709444,-47.82139085,166.0757629
366576758,11.92226557,127.8829699
158297421,-49.66496345,287.4843766
432008938,-23.69588755,120.6934573
89256802,-26.42367576,58.72489768
204317710,-21.27193016,346.0750927
366622912,11.63071919,128.0671352
90504905,26.31955549,290.5723702
360156606,-72.45180427,186.7679385
158170594,43.68093099,286.1103154
302895996,15.55610746,83.11662648
44737596,-25.40891384,60.94933059
234825296,0.226905131,97.720426
348755723,-12.93488187,134.0879543
192826603,-36.6308046,82.71438453
5868998,-23.77356389,187.7821538
470381900,48.81991372,65.28056346
396720998,-54.14717529,65.6553246
9804616,-9.276779365,47.64312529
318937509,2.848120046,112.3814736
234523599,-61.75601663,15.5511718
438490744,16.58960968,100.255976
427654774,70.19002051,349.2873388
237751146,4.028963165,104.3317553
466840711,-61.14626033,166.9799197
32830028,-24.84221798,86.75217021
37168957,-0.031590453,98.1724071
61988212,-47.58339245,178.0744855
434486077,-23.50804972,156.5727944
281909674,-5.086441706,102.7211361
218795833,-19.66291707,124.6069502
12423815,-26.28239659,2.568740698
355509914,-59.08775736,15.5248899
146463781,-31.55681835,123.8855591
431999925,-20.00983027,120.7896511
425934411,-62.8478975,4.605801872
143271144,-30.83293044,90.72749692
219189765,-19.55712967,171.0149696
280210963,-1.296428777,100.7656798
49771092,-28.13467802,96.06623531
170849515,-32.32025124,70.33979417
11561667,-27.39278175,149.8237866
51024887,62.18970895,42.15414606
53593457,-3.925550618,100.3060092
146846569,-44.62238675,160.8913727
82362447,-47.65151285,124.2495142
398733009,-9.046006357,32.16973956
120916706,-25.09737222,37.10813246
31858844,-32.86132711,289.4785411
77228304,-41.24623722,69.11619732
267574918,53.50925047,284.4139319
298666530,58.20494479,278.3998148
